{
  "lookat": [
    3.2897480662193703,
    -1.0081404193563446,
    0.3989643220441741
  ],
  "distance": 2.0368572717937456,
  "azimuth": 114.64446553200965,
  "elevation": -32.86777105555831
}